,File,Line,CWE
86997,CWE758_Undefined_Behavior__char_alloca_use_01.c,24,CWE758_Undefined_Behavior
86998,CWE758_Undefined_Behavior__char_alloca_use_02.c,26,CWE758_Undefined_Behavior
86999,CWE758_Undefined_Behavior__char_alloca_use_03.c,26,CWE758_Undefined_Behavior
87000,CWE758_Undefined_Behavior__char_alloca_use_04.c,32,CWE758_Undefined_Behavior
87001,CWE758_Undefined_Behavior__char_alloca_use_05.c,32,CWE758_Undefined_Behavior
87002,CWE758_Undefined_Behavior__char_alloca_use_06.c,31,CWE758_Undefined_Behavior
87003,CWE758_Undefined_Behavior__char_alloca_use_07.c,31,CWE758_Undefined_Behavior
87004,CWE758_Undefined_Behavior__char_alloca_use_08.c,39,CWE758_Undefined_Behavior
87005,CWE758_Undefined_Behavior__char_alloca_use_09.c,26,CWE758_Undefined_Behavior
87006,CWE758_Undefined_Behavior__char_alloca_use_10.c,26,CWE758_Undefined_Behavior
87007,CWE758_Undefined_Behavior__char_alloca_use_11.c,26,CWE758_Undefined_Behavior
87008,CWE758_Undefined_Behavior__char_alloca_use_12.c,26,CWE758_Undefined_Behavior
87009,CWE758_Undefined_Behavior__char_alloca_use_13.c,26,CWE758_Undefined_Behavior
87010,CWE758_Undefined_Behavior__char_alloca_use_14.c,26,CWE758_Undefined_Behavior
87011,CWE758_Undefined_Behavior__char_alloca_use_15.c,27,CWE758_Undefined_Behavior
87012,CWE758_Undefined_Behavior__char_alloca_use_16.c,26,CWE758_Undefined_Behavior
87013,CWE758_Undefined_Behavior__char_alloca_use_17.c,27,CWE758_Undefined_Behavior
87014,CWE758_Undefined_Behavior__char_alloca_use_18.c,26,CWE758_Undefined_Behavior
87015,CWE758_Undefined_Behavior__char_malloc_use_01.c,25,CWE758_Undefined_Behavior
87016,CWE758_Undefined_Behavior__char_malloc_use_02.c,27,CWE758_Undefined_Behavior
87017,CWE758_Undefined_Behavior__char_malloc_use_03.c,27,CWE758_Undefined_Behavior
87018,CWE758_Undefined_Behavior__char_malloc_use_04.c,33,CWE758_Undefined_Behavior
87019,CWE758_Undefined_Behavior__char_malloc_use_05.c,33,CWE758_Undefined_Behavior
87020,CWE758_Undefined_Behavior__char_malloc_use_06.c,32,CWE758_Undefined_Behavior
87021,CWE758_Undefined_Behavior__char_malloc_use_07.c,32,CWE758_Undefined_Behavior
87022,CWE758_Undefined_Behavior__char_malloc_use_08.c,40,CWE758_Undefined_Behavior
87023,CWE758_Undefined_Behavior__char_malloc_use_09.c,27,CWE758_Undefined_Behavior
87024,CWE758_Undefined_Behavior__char_malloc_use_10.c,27,CWE758_Undefined_Behavior
87025,CWE758_Undefined_Behavior__char_malloc_use_11.c,27,CWE758_Undefined_Behavior
87026,CWE758_Undefined_Behavior__char_malloc_use_12.c,27,CWE758_Undefined_Behavior
87027,CWE758_Undefined_Behavior__char_malloc_use_13.c,27,CWE758_Undefined_Behavior
87028,CWE758_Undefined_Behavior__char_malloc_use_14.c,27,CWE758_Undefined_Behavior
87029,CWE758_Undefined_Behavior__char_malloc_use_15.c,28,CWE758_Undefined_Behavior
87030,CWE758_Undefined_Behavior__char_malloc_use_16.c,27,CWE758_Undefined_Behavior
87031,CWE758_Undefined_Behavior__char_malloc_use_17.c,28,CWE758_Undefined_Behavior
87032,CWE758_Undefined_Behavior__char_malloc_use_18.c,27,CWE758_Undefined_Behavior
87033,CWE758_Undefined_Behavior__char_new_use_01.cpp,27,CWE758_Undefined_Behavior
87034,CWE758_Undefined_Behavior__char_new_use_02.cpp,29,CWE758_Undefined_Behavior
87035,CWE758_Undefined_Behavior__char_new_use_03.cpp,29,CWE758_Undefined_Behavior
87036,CWE758_Undefined_Behavior__char_new_use_04.cpp,35,CWE758_Undefined_Behavior
87037,CWE758_Undefined_Behavior__char_new_use_05.cpp,35,CWE758_Undefined_Behavior
87038,CWE758_Undefined_Behavior__char_new_use_06.cpp,34,CWE758_Undefined_Behavior
87039,CWE758_Undefined_Behavior__char_new_use_07.cpp,34,CWE758_Undefined_Behavior
87040,CWE758_Undefined_Behavior__char_new_use_08.cpp,42,CWE758_Undefined_Behavior
87041,CWE758_Undefined_Behavior__char_new_use_09.cpp,29,CWE758_Undefined_Behavior
87042,CWE758_Undefined_Behavior__char_new_use_10.cpp,29,CWE758_Undefined_Behavior
87043,CWE758_Undefined_Behavior__char_new_use_11.cpp,29,CWE758_Undefined_Behavior
87044,CWE758_Undefined_Behavior__char_new_use_12.cpp,29,CWE758_Undefined_Behavior
87045,CWE758_Undefined_Behavior__char_new_use_13.cpp,29,CWE758_Undefined_Behavior
87046,CWE758_Undefined_Behavior__char_new_use_14.cpp,29,CWE758_Undefined_Behavior
87047,CWE758_Undefined_Behavior__char_new_use_15.cpp,30,CWE758_Undefined_Behavior
87048,CWE758_Undefined_Behavior__char_new_use_16.cpp,29,CWE758_Undefined_Behavior
87049,CWE758_Undefined_Behavior__char_new_use_17.cpp,30,CWE758_Undefined_Behavior
87050,CWE758_Undefined_Behavior__char_new_use_18.cpp,29,CWE758_Undefined_Behavior
87051,CWE758_Undefined_Behavior__char_pointer_alloca_use_01.c,24,CWE758_Undefined_Behavior
87052,CWE758_Undefined_Behavior__char_pointer_alloca_use_02.c,26,CWE758_Undefined_Behavior
87053,CWE758_Undefined_Behavior__char_pointer_alloca_use_03.c,26,CWE758_Undefined_Behavior
87054,CWE758_Undefined_Behavior__char_pointer_alloca_use_04.c,32,CWE758_Undefined_Behavior
87055,CWE758_Undefined_Behavior__char_pointer_alloca_use_05.c,32,CWE758_Undefined_Behavior
87056,CWE758_Undefined_Behavior__char_pointer_alloca_use_06.c,31,CWE758_Undefined_Behavior
87057,CWE758_Undefined_Behavior__char_pointer_alloca_use_07.c,31,CWE758_Undefined_Behavior
87058,CWE758_Undefined_Behavior__char_pointer_alloca_use_08.c,39,CWE758_Undefined_Behavior
87059,CWE758_Undefined_Behavior__char_pointer_alloca_use_09.c,26,CWE758_Undefined_Behavior
87060,CWE758_Undefined_Behavior__char_pointer_alloca_use_10.c,26,CWE758_Undefined_Behavior
87061,CWE758_Undefined_Behavior__char_pointer_alloca_use_11.c,26,CWE758_Undefined_Behavior
87062,CWE758_Undefined_Behavior__char_pointer_alloca_use_12.c,26,CWE758_Undefined_Behavior
87063,CWE758_Undefined_Behavior__char_pointer_alloca_use_13.c,26,CWE758_Undefined_Behavior
87064,CWE758_Undefined_Behavior__char_pointer_alloca_use_14.c,26,CWE758_Undefined_Behavior
87065,CWE758_Undefined_Behavior__char_pointer_alloca_use_15.c,27,CWE758_Undefined_Behavior
87066,CWE758_Undefined_Behavior__char_pointer_alloca_use_16.c,26,CWE758_Undefined_Behavior
87067,CWE758_Undefined_Behavior__char_pointer_alloca_use_17.c,27,CWE758_Undefined_Behavior
87068,CWE758_Undefined_Behavior__char_pointer_alloca_use_18.c,26,CWE758_Undefined_Behavior
87069,CWE758_Undefined_Behavior__char_pointer_malloc_use_01.c,25,CWE758_Undefined_Behavior
87070,CWE758_Undefined_Behavior__char_pointer_malloc_use_02.c,27,CWE758_Undefined_Behavior
87071,CWE758_Undefined_Behavior__char_pointer_malloc_use_03.c,27,CWE758_Undefined_Behavior
87072,CWE758_Undefined_Behavior__char_pointer_malloc_use_04.c,33,CWE758_Undefined_Behavior
87073,CWE758_Undefined_Behavior__char_pointer_malloc_use_05.c,33,CWE758_Undefined_Behavior
87074,CWE758_Undefined_Behavior__char_pointer_malloc_use_06.c,32,CWE758_Undefined_Behavior
87075,CWE758_Undefined_Behavior__char_pointer_malloc_use_07.c,32,CWE758_Undefined_Behavior
87076,CWE758_Undefined_Behavior__char_pointer_malloc_use_08.c,40,CWE758_Undefined_Behavior
87077,CWE758_Undefined_Behavior__char_pointer_malloc_use_09.c,27,CWE758_Undefined_Behavior
87078,CWE758_Undefined_Behavior__char_pointer_malloc_use_10.c,27,CWE758_Undefined_Behavior
87079,CWE758_Undefined_Behavior__char_pointer_malloc_use_11.c,27,CWE758_Undefined_Behavior
87080,CWE758_Undefined_Behavior__char_pointer_malloc_use_12.c,27,CWE758_Undefined_Behavior
87081,CWE758_Undefined_Behavior__char_pointer_malloc_use_13.c,27,CWE758_Undefined_Behavior
87082,CWE758_Undefined_Behavior__char_pointer_malloc_use_14.c,27,CWE758_Undefined_Behavior
87083,CWE758_Undefined_Behavior__char_pointer_malloc_use_15.c,28,CWE758_Undefined_Behavior
87084,CWE758_Undefined_Behavior__char_pointer_malloc_use_16.c,27,CWE758_Undefined_Behavior
87085,CWE758_Undefined_Behavior__char_pointer_malloc_use_17.c,28,CWE758_Undefined_Behavior
87086,CWE758_Undefined_Behavior__char_pointer_malloc_use_18.c,27,CWE758_Undefined_Behavior
87087,CWE758_Undefined_Behavior__char_pointer_new_use_01.cpp,27,CWE758_Undefined_Behavior
87088,CWE758_Undefined_Behavior__char_pointer_new_use_02.cpp,29,CWE758_Undefined_Behavior
87089,CWE758_Undefined_Behavior__char_pointer_new_use_03.cpp,29,CWE758_Undefined_Behavior
87090,CWE758_Undefined_Behavior__char_pointer_new_use_04.cpp,35,CWE758_Undefined_Behavior
87091,CWE758_Undefined_Behavior__char_pointer_new_use_05.cpp,35,CWE758_Undefined_Behavior
87092,CWE758_Undefined_Behavior__char_pointer_new_use_06.cpp,34,CWE758_Undefined_Behavior
87093,CWE758_Undefined_Behavior__char_pointer_new_use_07.cpp,34,CWE758_Undefined_Behavior
87094,CWE758_Undefined_Behavior__char_pointer_new_use_08.cpp,42,CWE758_Undefined_Behavior
87095,CWE758_Undefined_Behavior__char_pointer_new_use_09.cpp,29,CWE758_Undefined_Behavior
87096,CWE758_Undefined_Behavior__char_pointer_new_use_10.cpp,29,CWE758_Undefined_Behavior
87097,CWE758_Undefined_Behavior__char_pointer_new_use_11.cpp,29,CWE758_Undefined_Behavior
87098,CWE758_Undefined_Behavior__char_pointer_new_use_12.cpp,29,CWE758_Undefined_Behavior
87099,CWE758_Undefined_Behavior__char_pointer_new_use_13.cpp,29,CWE758_Undefined_Behavior
87100,CWE758_Undefined_Behavior__char_pointer_new_use_14.cpp,29,CWE758_Undefined_Behavior
87101,CWE758_Undefined_Behavior__char_pointer_new_use_15.cpp,30,CWE758_Undefined_Behavior
87102,CWE758_Undefined_Behavior__char_pointer_new_use_16.cpp,29,CWE758_Undefined_Behavior
87103,CWE758_Undefined_Behavior__char_pointer_new_use_17.cpp,30,CWE758_Undefined_Behavior
87104,CWE758_Undefined_Behavior__char_pointer_new_use_18.cpp,29,CWE758_Undefined_Behavior
87105,CWE758_Undefined_Behavior__class_new_use_01.cpp,27,CWE758_Undefined_Behavior
87106,CWE758_Undefined_Behavior__class_new_use_02.cpp,29,CWE758_Undefined_Behavior
87107,CWE758_Undefined_Behavior__class_new_use_03.cpp,29,CWE758_Undefined_Behavior
87108,CWE758_Undefined_Behavior__class_new_use_04.cpp,35,CWE758_Undefined_Behavior
87109,CWE758_Undefined_Behavior__class_new_use_05.cpp,35,CWE758_Undefined_Behavior
87110,CWE758_Undefined_Behavior__class_new_use_06.cpp,34,CWE758_Undefined_Behavior
87111,CWE758_Undefined_Behavior__class_new_use_07.cpp,34,CWE758_Undefined_Behavior
87112,CWE758_Undefined_Behavior__class_new_use_08.cpp,42,CWE758_Undefined_Behavior
87113,CWE758_Undefined_Behavior__class_new_use_09.cpp,29,CWE758_Undefined_Behavior
87114,CWE758_Undefined_Behavior__class_new_use_10.cpp,29,CWE758_Undefined_Behavior
87115,CWE758_Undefined_Behavior__class_new_use_11.cpp,29,CWE758_Undefined_Behavior
87116,CWE758_Undefined_Behavior__class_new_use_12.cpp,29,CWE758_Undefined_Behavior
87117,CWE758_Undefined_Behavior__class_new_use_13.cpp,29,CWE758_Undefined_Behavior
87118,CWE758_Undefined_Behavior__class_new_use_14.cpp,29,CWE758_Undefined_Behavior
87119,CWE758_Undefined_Behavior__class_new_use_15.cpp,30,CWE758_Undefined_Behavior
87120,CWE758_Undefined_Behavior__class_new_use_16.cpp,29,CWE758_Undefined_Behavior
87121,CWE758_Undefined_Behavior__class_new_use_17.cpp,30,CWE758_Undefined_Behavior
87122,CWE758_Undefined_Behavior__class_new_use_18.cpp,29,CWE758_Undefined_Behavior
87123,CWE758_Undefined_Behavior__class_pointer_new_use_01.cpp,27,CWE758_Undefined_Behavior
87124,CWE758_Undefined_Behavior__class_pointer_new_use_02.cpp,29,CWE758_Undefined_Behavior
87125,CWE758_Undefined_Behavior__class_pointer_new_use_03.cpp,29,CWE758_Undefined_Behavior
87126,CWE758_Undefined_Behavior__class_pointer_new_use_04.cpp,35,CWE758_Undefined_Behavior
87127,CWE758_Undefined_Behavior__class_pointer_new_use_05.cpp,35,CWE758_Undefined_Behavior
87128,CWE758_Undefined_Behavior__class_pointer_new_use_06.cpp,34,CWE758_Undefined_Behavior
87129,CWE758_Undefined_Behavior__class_pointer_new_use_07.cpp,34,CWE758_Undefined_Behavior
87130,CWE758_Undefined_Behavior__class_pointer_new_use_08.cpp,42,CWE758_Undefined_Behavior
87131,CWE758_Undefined_Behavior__class_pointer_new_use_09.cpp,29,CWE758_Undefined_Behavior
87132,CWE758_Undefined_Behavior__class_pointer_new_use_10.cpp,29,CWE758_Undefined_Behavior
87133,CWE758_Undefined_Behavior__class_pointer_new_use_11.cpp,29,CWE758_Undefined_Behavior
87134,CWE758_Undefined_Behavior__class_pointer_new_use_12.cpp,29,CWE758_Undefined_Behavior
87135,CWE758_Undefined_Behavior__class_pointer_new_use_13.cpp,29,CWE758_Undefined_Behavior
87136,CWE758_Undefined_Behavior__class_pointer_new_use_14.cpp,29,CWE758_Undefined_Behavior
87137,CWE758_Undefined_Behavior__class_pointer_new_use_15.cpp,30,CWE758_Undefined_Behavior
87138,CWE758_Undefined_Behavior__class_pointer_new_use_16.cpp,29,CWE758_Undefined_Behavior
87139,CWE758_Undefined_Behavior__class_pointer_new_use_17.cpp,30,CWE758_Undefined_Behavior
87140,CWE758_Undefined_Behavior__class_pointer_new_use_18.cpp,29,CWE758_Undefined_Behavior
87141,CWE758_Undefined_Behavior__double_pointer_alloca_use_01.c,24,CWE758_Undefined_Behavior
87142,CWE758_Undefined_Behavior__double_pointer_alloca_use_02.c,26,CWE758_Undefined_Behavior
87143,CWE758_Undefined_Behavior__double_pointer_alloca_use_03.c,26,CWE758_Undefined_Behavior
87144,CWE758_Undefined_Behavior__double_pointer_alloca_use_04.c,32,CWE758_Undefined_Behavior
87145,CWE758_Undefined_Behavior__double_pointer_alloca_use_05.c,32,CWE758_Undefined_Behavior
87146,CWE758_Undefined_Behavior__double_pointer_alloca_use_06.c,31,CWE758_Undefined_Behavior
87147,CWE758_Undefined_Behavior__double_pointer_alloca_use_07.c,31,CWE758_Undefined_Behavior
87148,CWE758_Undefined_Behavior__double_pointer_alloca_use_08.c,39,CWE758_Undefined_Behavior
87149,CWE758_Undefined_Behavior__double_pointer_alloca_use_09.c,26,CWE758_Undefined_Behavior
87150,CWE758_Undefined_Behavior__double_pointer_alloca_use_10.c,26,CWE758_Undefined_Behavior
87151,CWE758_Undefined_Behavior__double_pointer_alloca_use_11.c,26,CWE758_Undefined_Behavior
87152,CWE758_Undefined_Behavior__double_pointer_alloca_use_12.c,26,CWE758_Undefined_Behavior
87153,CWE758_Undefined_Behavior__double_pointer_alloca_use_13.c,26,CWE758_Undefined_Behavior
87154,CWE758_Undefined_Behavior__double_pointer_alloca_use_14.c,26,CWE758_Undefined_Behavior
87155,CWE758_Undefined_Behavior__double_pointer_alloca_use_15.c,27,CWE758_Undefined_Behavior
87156,CWE758_Undefined_Behavior__double_pointer_alloca_use_16.c,26,CWE758_Undefined_Behavior
87157,CWE758_Undefined_Behavior__double_pointer_alloca_use_17.c,27,CWE758_Undefined_Behavior
87158,CWE758_Undefined_Behavior__double_pointer_alloca_use_18.c,26,CWE758_Undefined_Behavior
87159,CWE758_Undefined_Behavior__double_pointer_malloc_use_01.c,25,CWE758_Undefined_Behavior
87160,CWE758_Undefined_Behavior__double_pointer_malloc_use_02.c,27,CWE758_Undefined_Behavior
87161,CWE758_Undefined_Behavior__double_pointer_malloc_use_03.c,27,CWE758_Undefined_Behavior
87162,CWE758_Undefined_Behavior__double_pointer_malloc_use_04.c,33,CWE758_Undefined_Behavior
87163,CWE758_Undefined_Behavior__double_pointer_malloc_use_05.c,33,CWE758_Undefined_Behavior
87164,CWE758_Undefined_Behavior__double_pointer_malloc_use_06.c,32,CWE758_Undefined_Behavior
87165,CWE758_Undefined_Behavior__double_pointer_malloc_use_07.c,32,CWE758_Undefined_Behavior
87166,CWE758_Undefined_Behavior__double_pointer_malloc_use_08.c,40,CWE758_Undefined_Behavior
87167,CWE758_Undefined_Behavior__double_pointer_malloc_use_09.c,27,CWE758_Undefined_Behavior
87168,CWE758_Undefined_Behavior__double_pointer_malloc_use_10.c,27,CWE758_Undefined_Behavior
87169,CWE758_Undefined_Behavior__double_pointer_malloc_use_11.c,27,CWE758_Undefined_Behavior
87170,CWE758_Undefined_Behavior__double_pointer_malloc_use_12.c,27,CWE758_Undefined_Behavior
87171,CWE758_Undefined_Behavior__double_pointer_malloc_use_13.c,27,CWE758_Undefined_Behavior
87172,CWE758_Undefined_Behavior__double_pointer_malloc_use_14.c,27,CWE758_Undefined_Behavior
87173,CWE758_Undefined_Behavior__double_pointer_malloc_use_15.c,28,CWE758_Undefined_Behavior
87174,CWE758_Undefined_Behavior__double_pointer_malloc_use_16.c,27,CWE758_Undefined_Behavior
87175,CWE758_Undefined_Behavior__double_pointer_malloc_use_17.c,28,CWE758_Undefined_Behavior
87176,CWE758_Undefined_Behavior__double_pointer_malloc_use_18.c,27,CWE758_Undefined_Behavior
87177,CWE758_Undefined_Behavior__double_pointer_new_use_01.cpp,27,CWE758_Undefined_Behavior
87178,CWE758_Undefined_Behavior__double_pointer_new_use_02.cpp,29,CWE758_Undefined_Behavior
87179,CWE758_Undefined_Behavior__double_pointer_new_use_03.cpp,29,CWE758_Undefined_Behavior
87180,CWE758_Undefined_Behavior__double_pointer_new_use_04.cpp,35,CWE758_Undefined_Behavior
87181,CWE758_Undefined_Behavior__double_pointer_new_use_05.cpp,35,CWE758_Undefined_Behavior
87182,CWE758_Undefined_Behavior__double_pointer_new_use_06.cpp,34,CWE758_Undefined_Behavior
87183,CWE758_Undefined_Behavior__double_pointer_new_use_07.cpp,34,CWE758_Undefined_Behavior
87184,CWE758_Undefined_Behavior__double_pointer_new_use_08.cpp,42,CWE758_Undefined_Behavior
87185,CWE758_Undefined_Behavior__double_pointer_new_use_09.cpp,29,CWE758_Undefined_Behavior
87186,CWE758_Undefined_Behavior__double_pointer_new_use_10.cpp,29,CWE758_Undefined_Behavior
87187,CWE758_Undefined_Behavior__double_pointer_new_use_11.cpp,29,CWE758_Undefined_Behavior
87188,CWE758_Undefined_Behavior__double_pointer_new_use_12.cpp,29,CWE758_Undefined_Behavior
87189,CWE758_Undefined_Behavior__double_pointer_new_use_13.cpp,29,CWE758_Undefined_Behavior
87190,CWE758_Undefined_Behavior__double_pointer_new_use_14.cpp,29,CWE758_Undefined_Behavior
87191,CWE758_Undefined_Behavior__double_pointer_new_use_15.cpp,30,CWE758_Undefined_Behavior
87192,CWE758_Undefined_Behavior__double_pointer_new_use_16.cpp,29,CWE758_Undefined_Behavior
87193,CWE758_Undefined_Behavior__double_pointer_new_use_17.cpp,30,CWE758_Undefined_Behavior
87194,CWE758_Undefined_Behavior__double_pointer_new_use_18.cpp,29,CWE758_Undefined_Behavior
87195,CWE758_Undefined_Behavior__int64_t_alloca_use_01.c,24,CWE758_Undefined_Behavior
87196,CWE758_Undefined_Behavior__int64_t_alloca_use_02.c,26,CWE758_Undefined_Behavior
87197,CWE758_Undefined_Behavior__int64_t_alloca_use_03.c,26,CWE758_Undefined_Behavior
87198,CWE758_Undefined_Behavior__int64_t_alloca_use_04.c,32,CWE758_Undefined_Behavior
87199,CWE758_Undefined_Behavior__int64_t_alloca_use_05.c,32,CWE758_Undefined_Behavior
87200,CWE758_Undefined_Behavior__int64_t_alloca_use_06.c,31,CWE758_Undefined_Behavior
87201,CWE758_Undefined_Behavior__int64_t_alloca_use_07.c,31,CWE758_Undefined_Behavior
87202,CWE758_Undefined_Behavior__int64_t_alloca_use_08.c,39,CWE758_Undefined_Behavior
87203,CWE758_Undefined_Behavior__int64_t_alloca_use_09.c,26,CWE758_Undefined_Behavior
87204,CWE758_Undefined_Behavior__int64_t_alloca_use_10.c,26,CWE758_Undefined_Behavior
87205,CWE758_Undefined_Behavior__int64_t_alloca_use_11.c,26,CWE758_Undefined_Behavior
87206,CWE758_Undefined_Behavior__int64_t_alloca_use_12.c,26,CWE758_Undefined_Behavior
87207,CWE758_Undefined_Behavior__int64_t_alloca_use_13.c,26,CWE758_Undefined_Behavior
87208,CWE758_Undefined_Behavior__int64_t_alloca_use_14.c,26,CWE758_Undefined_Behavior
87209,CWE758_Undefined_Behavior__int64_t_alloca_use_15.c,27,CWE758_Undefined_Behavior
87210,CWE758_Undefined_Behavior__int64_t_alloca_use_16.c,26,CWE758_Undefined_Behavior
87211,CWE758_Undefined_Behavior__int64_t_alloca_use_17.c,27,CWE758_Undefined_Behavior
87212,CWE758_Undefined_Behavior__int64_t_alloca_use_18.c,26,CWE758_Undefined_Behavior
87213,CWE758_Undefined_Behavior__int64_t_malloc_use_01.c,25,CWE758_Undefined_Behavior
87214,CWE758_Undefined_Behavior__int64_t_malloc_use_02.c,27,CWE758_Undefined_Behavior
87215,CWE758_Undefined_Behavior__int64_t_malloc_use_03.c,27,CWE758_Undefined_Behavior
87216,CWE758_Undefined_Behavior__int64_t_malloc_use_04.c,33,CWE758_Undefined_Behavior
87217,CWE758_Undefined_Behavior__int64_t_malloc_use_05.c,33,CWE758_Undefined_Behavior
87218,CWE758_Undefined_Behavior__int64_t_malloc_use_06.c,32,CWE758_Undefined_Behavior
87219,CWE758_Undefined_Behavior__int64_t_malloc_use_07.c,32,CWE758_Undefined_Behavior
87220,CWE758_Undefined_Behavior__int64_t_malloc_use_08.c,40,CWE758_Undefined_Behavior
87221,CWE758_Undefined_Behavior__int64_t_malloc_use_09.c,27,CWE758_Undefined_Behavior
87222,CWE758_Undefined_Behavior__int64_t_malloc_use_10.c,27,CWE758_Undefined_Behavior
87223,CWE758_Undefined_Behavior__int64_t_malloc_use_11.c,27,CWE758_Undefined_Behavior
87224,CWE758_Undefined_Behavior__int64_t_malloc_use_12.c,27,CWE758_Undefined_Behavior
87225,CWE758_Undefined_Behavior__int64_t_malloc_use_13.c,27,CWE758_Undefined_Behavior
87226,CWE758_Undefined_Behavior__int64_t_malloc_use_14.c,27,CWE758_Undefined_Behavior
87227,CWE758_Undefined_Behavior__int64_t_malloc_use_15.c,28,CWE758_Undefined_Behavior
87228,CWE758_Undefined_Behavior__int64_t_malloc_use_16.c,27,CWE758_Undefined_Behavior
87229,CWE758_Undefined_Behavior__int64_t_malloc_use_17.c,28,CWE758_Undefined_Behavior
87230,CWE758_Undefined_Behavior__int64_t_malloc_use_18.c,27,CWE758_Undefined_Behavior
87231,CWE758_Undefined_Behavior__int64_t_new_use_01.cpp,27,CWE758_Undefined_Behavior
87232,CWE758_Undefined_Behavior__int64_t_new_use_02.cpp,29,CWE758_Undefined_Behavior
87233,CWE758_Undefined_Behavior__int64_t_new_use_03.cpp,29,CWE758_Undefined_Behavior
87234,CWE758_Undefined_Behavior__int64_t_new_use_04.cpp,35,CWE758_Undefined_Behavior
87235,CWE758_Undefined_Behavior__int64_t_new_use_05.cpp,35,CWE758_Undefined_Behavior
87236,CWE758_Undefined_Behavior__int64_t_new_use_06.cpp,34,CWE758_Undefined_Behavior
87237,CWE758_Undefined_Behavior__int64_t_new_use_07.cpp,34,CWE758_Undefined_Behavior
87238,CWE758_Undefined_Behavior__int64_t_new_use_08.cpp,42,CWE758_Undefined_Behavior
87239,CWE758_Undefined_Behavior__int64_t_new_use_09.cpp,29,CWE758_Undefined_Behavior
87240,CWE758_Undefined_Behavior__int64_t_new_use_10.cpp,29,CWE758_Undefined_Behavior
87241,CWE758_Undefined_Behavior__int64_t_new_use_11.cpp,29,CWE758_Undefined_Behavior
87242,CWE758_Undefined_Behavior__int64_t_new_use_12.cpp,29,CWE758_Undefined_Behavior
87243,CWE758_Undefined_Behavior__int64_t_new_use_13.cpp,29,CWE758_Undefined_Behavior
87244,CWE758_Undefined_Behavior__int64_t_new_use_14.cpp,29,CWE758_Undefined_Behavior
87245,CWE758_Undefined_Behavior__int64_t_new_use_15.cpp,30,CWE758_Undefined_Behavior
87246,CWE758_Undefined_Behavior__int64_t_new_use_16.cpp,29,CWE758_Undefined_Behavior
87247,CWE758_Undefined_Behavior__int64_t_new_use_17.cpp,30,CWE758_Undefined_Behavior
87248,CWE758_Undefined_Behavior__int64_t_new_use_18.cpp,29,CWE758_Undefined_Behavior
87249,CWE758_Undefined_Behavior__int_alloca_use_01.c,24,CWE758_Undefined_Behavior
87250,CWE758_Undefined_Behavior__int_alloca_use_02.c,26,CWE758_Undefined_Behavior
87251,CWE758_Undefined_Behavior__int_alloca_use_03.c,26,CWE758_Undefined_Behavior
87252,CWE758_Undefined_Behavior__int_alloca_use_04.c,32,CWE758_Undefined_Behavior
87253,CWE758_Undefined_Behavior__int_alloca_use_05.c,32,CWE758_Undefined_Behavior
87254,CWE758_Undefined_Behavior__int_alloca_use_06.c,31,CWE758_Undefined_Behavior
87255,CWE758_Undefined_Behavior__int_alloca_use_07.c,31,CWE758_Undefined_Behavior
87256,CWE758_Undefined_Behavior__int_alloca_use_08.c,39,CWE758_Undefined_Behavior
87257,CWE758_Undefined_Behavior__int_alloca_use_09.c,26,CWE758_Undefined_Behavior
87258,CWE758_Undefined_Behavior__int_alloca_use_10.c,26,CWE758_Undefined_Behavior
87259,CWE758_Undefined_Behavior__int_alloca_use_11.c,26,CWE758_Undefined_Behavior
87260,CWE758_Undefined_Behavior__int_alloca_use_12.c,26,CWE758_Undefined_Behavior
87261,CWE758_Undefined_Behavior__int_alloca_use_13.c,26,CWE758_Undefined_Behavior
87262,CWE758_Undefined_Behavior__int_alloca_use_14.c,26,CWE758_Undefined_Behavior
87263,CWE758_Undefined_Behavior__int_alloca_use_15.c,27,CWE758_Undefined_Behavior
87264,CWE758_Undefined_Behavior__int_alloca_use_16.c,26,CWE758_Undefined_Behavior
87265,CWE758_Undefined_Behavior__int_alloca_use_17.c,27,CWE758_Undefined_Behavior
87266,CWE758_Undefined_Behavior__int_alloca_use_18.c,26,CWE758_Undefined_Behavior
87267,CWE758_Undefined_Behavior__int_malloc_use_01.c,25,CWE758_Undefined_Behavior
87268,CWE758_Undefined_Behavior__int_malloc_use_02.c,27,CWE758_Undefined_Behavior
87269,CWE758_Undefined_Behavior__int_malloc_use_03.c,27,CWE758_Undefined_Behavior
87270,CWE758_Undefined_Behavior__int_malloc_use_04.c,33,CWE758_Undefined_Behavior
87271,CWE758_Undefined_Behavior__int_malloc_use_05.c,33,CWE758_Undefined_Behavior
87272,CWE758_Undefined_Behavior__int_malloc_use_06.c,32,CWE758_Undefined_Behavior
87273,CWE758_Undefined_Behavior__int_malloc_use_07.c,32,CWE758_Undefined_Behavior
87274,CWE758_Undefined_Behavior__int_malloc_use_08.c,40,CWE758_Undefined_Behavior
87275,CWE758_Undefined_Behavior__int_malloc_use_09.c,27,CWE758_Undefined_Behavior
87276,CWE758_Undefined_Behavior__int_malloc_use_10.c,27,CWE758_Undefined_Behavior
87277,CWE758_Undefined_Behavior__int_malloc_use_11.c,27,CWE758_Undefined_Behavior
87278,CWE758_Undefined_Behavior__int_malloc_use_12.c,27,CWE758_Undefined_Behavior
87279,CWE758_Undefined_Behavior__int_malloc_use_13.c,27,CWE758_Undefined_Behavior
87280,CWE758_Undefined_Behavior__int_malloc_use_14.c,27,CWE758_Undefined_Behavior
87281,CWE758_Undefined_Behavior__int_malloc_use_15.c,28,CWE758_Undefined_Behavior
87282,CWE758_Undefined_Behavior__int_malloc_use_16.c,27,CWE758_Undefined_Behavior
87283,CWE758_Undefined_Behavior__int_malloc_use_17.c,28,CWE758_Undefined_Behavior
87284,CWE758_Undefined_Behavior__int_malloc_use_18.c,27,CWE758_Undefined_Behavior
87285,CWE758_Undefined_Behavior__int_new_use_01.cpp,27,CWE758_Undefined_Behavior
87286,CWE758_Undefined_Behavior__int_new_use_02.cpp,29,CWE758_Undefined_Behavior
87287,CWE758_Undefined_Behavior__int_new_use_03.cpp,29,CWE758_Undefined_Behavior
87288,CWE758_Undefined_Behavior__int_new_use_04.cpp,35,CWE758_Undefined_Behavior
87289,CWE758_Undefined_Behavior__int_new_use_05.cpp,35,CWE758_Undefined_Behavior
87290,CWE758_Undefined_Behavior__int_new_use_06.cpp,34,CWE758_Undefined_Behavior
87291,CWE758_Undefined_Behavior__int_new_use_07.cpp,34,CWE758_Undefined_Behavior
87292,CWE758_Undefined_Behavior__int_new_use_08.cpp,42,CWE758_Undefined_Behavior
87293,CWE758_Undefined_Behavior__int_new_use_09.cpp,29,CWE758_Undefined_Behavior
87294,CWE758_Undefined_Behavior__int_new_use_10.cpp,29,CWE758_Undefined_Behavior
87295,CWE758_Undefined_Behavior__int_new_use_11.cpp,29,CWE758_Undefined_Behavior
87296,CWE758_Undefined_Behavior__int_new_use_12.cpp,29,CWE758_Undefined_Behavior
87297,CWE758_Undefined_Behavior__int_new_use_13.cpp,29,CWE758_Undefined_Behavior
87298,CWE758_Undefined_Behavior__int_new_use_14.cpp,29,CWE758_Undefined_Behavior
87299,CWE758_Undefined_Behavior__int_new_use_15.cpp,30,CWE758_Undefined_Behavior
87300,CWE758_Undefined_Behavior__int_new_use_16.cpp,29,CWE758_Undefined_Behavior
87301,CWE758_Undefined_Behavior__int_new_use_17.cpp,30,CWE758_Undefined_Behavior
87302,CWE758_Undefined_Behavior__int_new_use_18.cpp,29,CWE758_Undefined_Behavior
87303,CWE758_Undefined_Behavior__int_pointer_alloca_use_01.c,24,CWE758_Undefined_Behavior
87304,CWE758_Undefined_Behavior__int_pointer_alloca_use_02.c,26,CWE758_Undefined_Behavior
87305,CWE758_Undefined_Behavior__int_pointer_alloca_use_03.c,26,CWE758_Undefined_Behavior
87306,CWE758_Undefined_Behavior__int_pointer_alloca_use_04.c,32,CWE758_Undefined_Behavior
87307,CWE758_Undefined_Behavior__int_pointer_alloca_use_05.c,32,CWE758_Undefined_Behavior
87308,CWE758_Undefined_Behavior__int_pointer_alloca_use_06.c,31,CWE758_Undefined_Behavior
87309,CWE758_Undefined_Behavior__int_pointer_alloca_use_07.c,31,CWE758_Undefined_Behavior
87310,CWE758_Undefined_Behavior__int_pointer_alloca_use_08.c,39,CWE758_Undefined_Behavior
87311,CWE758_Undefined_Behavior__int_pointer_alloca_use_09.c,26,CWE758_Undefined_Behavior
87312,CWE758_Undefined_Behavior__int_pointer_alloca_use_10.c,26,CWE758_Undefined_Behavior
87313,CWE758_Undefined_Behavior__int_pointer_alloca_use_11.c,26,CWE758_Undefined_Behavior
87314,CWE758_Undefined_Behavior__int_pointer_alloca_use_12.c,26,CWE758_Undefined_Behavior
87315,CWE758_Undefined_Behavior__int_pointer_alloca_use_13.c,26,CWE758_Undefined_Behavior
87316,CWE758_Undefined_Behavior__int_pointer_alloca_use_14.c,26,CWE758_Undefined_Behavior
87317,CWE758_Undefined_Behavior__int_pointer_alloca_use_15.c,27,CWE758_Undefined_Behavior
87318,CWE758_Undefined_Behavior__int_pointer_alloca_use_16.c,26,CWE758_Undefined_Behavior
87319,CWE758_Undefined_Behavior__int_pointer_alloca_use_17.c,27,CWE758_Undefined_Behavior
87320,CWE758_Undefined_Behavior__int_pointer_alloca_use_18.c,26,CWE758_Undefined_Behavior
87321,CWE758_Undefined_Behavior__int_pointer_malloc_use_01.c,25,CWE758_Undefined_Behavior
87322,CWE758_Undefined_Behavior__int_pointer_malloc_use_02.c,27,CWE758_Undefined_Behavior
87323,CWE758_Undefined_Behavior__int_pointer_malloc_use_03.c,27,CWE758_Undefined_Behavior
87324,CWE758_Undefined_Behavior__int_pointer_malloc_use_04.c,33,CWE758_Undefined_Behavior
87325,CWE758_Undefined_Behavior__int_pointer_malloc_use_05.c,33,CWE758_Undefined_Behavior
87326,CWE758_Undefined_Behavior__int_pointer_malloc_use_06.c,32,CWE758_Undefined_Behavior
87327,CWE758_Undefined_Behavior__int_pointer_malloc_use_07.c,32,CWE758_Undefined_Behavior
87328,CWE758_Undefined_Behavior__int_pointer_malloc_use_08.c,40,CWE758_Undefined_Behavior
87329,CWE758_Undefined_Behavior__int_pointer_malloc_use_09.c,27,CWE758_Undefined_Behavior
87330,CWE758_Undefined_Behavior__int_pointer_malloc_use_10.c,27,CWE758_Undefined_Behavior
87331,CWE758_Undefined_Behavior__int_pointer_malloc_use_11.c,27,CWE758_Undefined_Behavior
87332,CWE758_Undefined_Behavior__int_pointer_malloc_use_12.c,27,CWE758_Undefined_Behavior
87333,CWE758_Undefined_Behavior__int_pointer_malloc_use_13.c,27,CWE758_Undefined_Behavior
87334,CWE758_Undefined_Behavior__int_pointer_malloc_use_14.c,27,CWE758_Undefined_Behavior
87335,CWE758_Undefined_Behavior__int_pointer_malloc_use_15.c,28,CWE758_Undefined_Behavior
87336,CWE758_Undefined_Behavior__int_pointer_malloc_use_16.c,27,CWE758_Undefined_Behavior
87337,CWE758_Undefined_Behavior__int_pointer_malloc_use_17.c,28,CWE758_Undefined_Behavior
87338,CWE758_Undefined_Behavior__int_pointer_malloc_use_18.c,27,CWE758_Undefined_Behavior
87339,CWE758_Undefined_Behavior__int_pointer_new_use_01.cpp,27,CWE758_Undefined_Behavior
87340,CWE758_Undefined_Behavior__int_pointer_new_use_02.cpp,29,CWE758_Undefined_Behavior
87341,CWE758_Undefined_Behavior__int_pointer_new_use_03.cpp,29,CWE758_Undefined_Behavior
87342,CWE758_Undefined_Behavior__int_pointer_new_use_04.cpp,35,CWE758_Undefined_Behavior
87343,CWE758_Undefined_Behavior__int_pointer_new_use_05.cpp,35,CWE758_Undefined_Behavior
87344,CWE758_Undefined_Behavior__int_pointer_new_use_06.cpp,34,CWE758_Undefined_Behavior
87345,CWE758_Undefined_Behavior__int_pointer_new_use_07.cpp,34,CWE758_Undefined_Behavior
87346,CWE758_Undefined_Behavior__int_pointer_new_use_08.cpp,42,CWE758_Undefined_Behavior
87347,CWE758_Undefined_Behavior__int_pointer_new_use_09.cpp,29,CWE758_Undefined_Behavior
87348,CWE758_Undefined_Behavior__int_pointer_new_use_10.cpp,29,CWE758_Undefined_Behavior
87349,CWE758_Undefined_Behavior__int_pointer_new_use_11.cpp,29,CWE758_Undefined_Behavior
87350,CWE758_Undefined_Behavior__int_pointer_new_use_12.cpp,29,CWE758_Undefined_Behavior
87351,CWE758_Undefined_Behavior__int_pointer_new_use_13.cpp,29,CWE758_Undefined_Behavior
87352,CWE758_Undefined_Behavior__int_pointer_new_use_14.cpp,29,CWE758_Undefined_Behavior
87353,CWE758_Undefined_Behavior__int_pointer_new_use_15.cpp,30,CWE758_Undefined_Behavior
87354,CWE758_Undefined_Behavior__int_pointer_new_use_16.cpp,29,CWE758_Undefined_Behavior
87355,CWE758_Undefined_Behavior__int_pointer_new_use_17.cpp,30,CWE758_Undefined_Behavior
87356,CWE758_Undefined_Behavior__int_pointer_new_use_18.cpp,29,CWE758_Undefined_Behavior
87357,CWE758_Undefined_Behavior__long_alloca_use_01.c,24,CWE758_Undefined_Behavior
87358,CWE758_Undefined_Behavior__long_alloca_use_02.c,26,CWE758_Undefined_Behavior
87359,CWE758_Undefined_Behavior__long_alloca_use_03.c,26,CWE758_Undefined_Behavior
87360,CWE758_Undefined_Behavior__long_alloca_use_04.c,32,CWE758_Undefined_Behavior
87361,CWE758_Undefined_Behavior__long_alloca_use_05.c,32,CWE758_Undefined_Behavior
87362,CWE758_Undefined_Behavior__long_alloca_use_06.c,31,CWE758_Undefined_Behavior
87363,CWE758_Undefined_Behavior__long_alloca_use_07.c,31,CWE758_Undefined_Behavior
87364,CWE758_Undefined_Behavior__long_alloca_use_08.c,39,CWE758_Undefined_Behavior
87365,CWE758_Undefined_Behavior__long_alloca_use_09.c,26,CWE758_Undefined_Behavior
87366,CWE758_Undefined_Behavior__long_alloca_use_10.c,26,CWE758_Undefined_Behavior
87367,CWE758_Undefined_Behavior__long_alloca_use_11.c,26,CWE758_Undefined_Behavior
87368,CWE758_Undefined_Behavior__long_alloca_use_12.c,26,CWE758_Undefined_Behavior
87369,CWE758_Undefined_Behavior__long_alloca_use_13.c,26,CWE758_Undefined_Behavior
87370,CWE758_Undefined_Behavior__long_alloca_use_14.c,26,CWE758_Undefined_Behavior
87371,CWE758_Undefined_Behavior__long_alloca_use_15.c,27,CWE758_Undefined_Behavior
87372,CWE758_Undefined_Behavior__long_alloca_use_16.c,26,CWE758_Undefined_Behavior
87373,CWE758_Undefined_Behavior__long_alloca_use_17.c,27,CWE758_Undefined_Behavior
87374,CWE758_Undefined_Behavior__long_alloca_use_18.c,26,CWE758_Undefined_Behavior
87375,CWE758_Undefined_Behavior__long_malloc_use_01.c,25,CWE758_Undefined_Behavior
87376,CWE758_Undefined_Behavior__long_malloc_use_02.c,27,CWE758_Undefined_Behavior
87377,CWE758_Undefined_Behavior__long_malloc_use_03.c,27,CWE758_Undefined_Behavior
87378,CWE758_Undefined_Behavior__long_malloc_use_04.c,33,CWE758_Undefined_Behavior
87379,CWE758_Undefined_Behavior__long_malloc_use_05.c,33,CWE758_Undefined_Behavior
87380,CWE758_Undefined_Behavior__long_malloc_use_06.c,32,CWE758_Undefined_Behavior
87381,CWE758_Undefined_Behavior__long_malloc_use_07.c,32,CWE758_Undefined_Behavior
87382,CWE758_Undefined_Behavior__long_malloc_use_08.c,40,CWE758_Undefined_Behavior
87383,CWE758_Undefined_Behavior__long_malloc_use_09.c,27,CWE758_Undefined_Behavior
87384,CWE758_Undefined_Behavior__long_malloc_use_10.c,27,CWE758_Undefined_Behavior
87385,CWE758_Undefined_Behavior__long_malloc_use_11.c,27,CWE758_Undefined_Behavior
87386,CWE758_Undefined_Behavior__long_malloc_use_12.c,27,CWE758_Undefined_Behavior
87387,CWE758_Undefined_Behavior__long_malloc_use_13.c,27,CWE758_Undefined_Behavior
87388,CWE758_Undefined_Behavior__long_malloc_use_14.c,27,CWE758_Undefined_Behavior
87389,CWE758_Undefined_Behavior__long_malloc_use_15.c,28,CWE758_Undefined_Behavior
87390,CWE758_Undefined_Behavior__long_malloc_use_16.c,27,CWE758_Undefined_Behavior
87391,CWE758_Undefined_Behavior__long_malloc_use_17.c,28,CWE758_Undefined_Behavior
87392,CWE758_Undefined_Behavior__long_malloc_use_18.c,27,CWE758_Undefined_Behavior
87393,CWE758_Undefined_Behavior__long_new_use_01.cpp,27,CWE758_Undefined_Behavior
87394,CWE758_Undefined_Behavior__long_new_use_02.cpp,29,CWE758_Undefined_Behavior
87395,CWE758_Undefined_Behavior__long_new_use_03.cpp,29,CWE758_Undefined_Behavior
87396,CWE758_Undefined_Behavior__long_new_use_04.cpp,35,CWE758_Undefined_Behavior
87397,CWE758_Undefined_Behavior__long_new_use_05.cpp,35,CWE758_Undefined_Behavior
87398,CWE758_Undefined_Behavior__long_new_use_06.cpp,34,CWE758_Undefined_Behavior
87399,CWE758_Undefined_Behavior__long_new_use_07.cpp,34,CWE758_Undefined_Behavior
87400,CWE758_Undefined_Behavior__long_new_use_08.cpp,42,CWE758_Undefined_Behavior
87401,CWE758_Undefined_Behavior__long_new_use_09.cpp,29,CWE758_Undefined_Behavior
87402,CWE758_Undefined_Behavior__long_new_use_10.cpp,29,CWE758_Undefined_Behavior
87403,CWE758_Undefined_Behavior__long_new_use_11.cpp,29,CWE758_Undefined_Behavior
87404,CWE758_Undefined_Behavior__long_new_use_12.cpp,29,CWE758_Undefined_Behavior
87405,CWE758_Undefined_Behavior__long_new_use_13.cpp,29,CWE758_Undefined_Behavior
87406,CWE758_Undefined_Behavior__long_new_use_14.cpp,29,CWE758_Undefined_Behavior
87407,CWE758_Undefined_Behavior__long_new_use_15.cpp,30,CWE758_Undefined_Behavior
87408,CWE758_Undefined_Behavior__long_new_use_16.cpp,29,CWE758_Undefined_Behavior
87409,CWE758_Undefined_Behavior__long_new_use_17.cpp,30,CWE758_Undefined_Behavior
87410,CWE758_Undefined_Behavior__long_new_use_18.cpp,29,CWE758_Undefined_Behavior
87411,CWE758_Undefined_Behavior__no_return_01.c,13,CWE758_Undefined_Behavior
87412,CWE758_Undefined_Behavior__struct_alloca_use_01.c,24,CWE758_Undefined_Behavior
87413,CWE758_Undefined_Behavior__struct_alloca_use_02.c,26,CWE758_Undefined_Behavior
87414,CWE758_Undefined_Behavior__struct_alloca_use_03.c,26,CWE758_Undefined_Behavior
87415,CWE758_Undefined_Behavior__struct_alloca_use_04.c,32,CWE758_Undefined_Behavior
87416,CWE758_Undefined_Behavior__struct_alloca_use_05.c,32,CWE758_Undefined_Behavior
87417,CWE758_Undefined_Behavior__struct_alloca_use_06.c,31,CWE758_Undefined_Behavior
87418,CWE758_Undefined_Behavior__struct_alloca_use_07.c,31,CWE758_Undefined_Behavior
87419,CWE758_Undefined_Behavior__struct_alloca_use_08.c,39,CWE758_Undefined_Behavior
87420,CWE758_Undefined_Behavior__struct_alloca_use_09.c,26,CWE758_Undefined_Behavior
87421,CWE758_Undefined_Behavior__struct_alloca_use_10.c,26,CWE758_Undefined_Behavior
87422,CWE758_Undefined_Behavior__struct_alloca_use_11.c,26,CWE758_Undefined_Behavior
87423,CWE758_Undefined_Behavior__struct_alloca_use_12.c,26,CWE758_Undefined_Behavior
87424,CWE758_Undefined_Behavior__struct_alloca_use_13.c,26,CWE758_Undefined_Behavior
87425,CWE758_Undefined_Behavior__struct_alloca_use_14.c,26,CWE758_Undefined_Behavior
87426,CWE758_Undefined_Behavior__struct_alloca_use_15.c,27,CWE758_Undefined_Behavior
87427,CWE758_Undefined_Behavior__struct_alloca_use_16.c,26,CWE758_Undefined_Behavior
87428,CWE758_Undefined_Behavior__struct_alloca_use_17.c,27,CWE758_Undefined_Behavior
87429,CWE758_Undefined_Behavior__struct_alloca_use_18.c,26,CWE758_Undefined_Behavior
87430,CWE758_Undefined_Behavior__struct_malloc_use_01.c,25,CWE758_Undefined_Behavior
87431,CWE758_Undefined_Behavior__struct_malloc_use_02.c,27,CWE758_Undefined_Behavior
87432,CWE758_Undefined_Behavior__struct_malloc_use_03.c,27,CWE758_Undefined_Behavior
87433,CWE758_Undefined_Behavior__struct_malloc_use_04.c,33,CWE758_Undefined_Behavior
87434,CWE758_Undefined_Behavior__struct_malloc_use_05.c,33,CWE758_Undefined_Behavior
87435,CWE758_Undefined_Behavior__struct_malloc_use_06.c,32,CWE758_Undefined_Behavior
87436,CWE758_Undefined_Behavior__struct_malloc_use_07.c,32,CWE758_Undefined_Behavior
87437,CWE758_Undefined_Behavior__struct_malloc_use_08.c,40,CWE758_Undefined_Behavior
87438,CWE758_Undefined_Behavior__struct_malloc_use_09.c,27,CWE758_Undefined_Behavior
87439,CWE758_Undefined_Behavior__struct_malloc_use_10.c,27,CWE758_Undefined_Behavior
87440,CWE758_Undefined_Behavior__struct_malloc_use_11.c,27,CWE758_Undefined_Behavior
87441,CWE758_Undefined_Behavior__struct_malloc_use_12.c,27,CWE758_Undefined_Behavior
87442,CWE758_Undefined_Behavior__struct_malloc_use_13.c,27,CWE758_Undefined_Behavior
87443,CWE758_Undefined_Behavior__struct_malloc_use_14.c,27,CWE758_Undefined_Behavior
87444,CWE758_Undefined_Behavior__struct_malloc_use_15.c,28,CWE758_Undefined_Behavior
87445,CWE758_Undefined_Behavior__struct_malloc_use_16.c,27,CWE758_Undefined_Behavior
87446,CWE758_Undefined_Behavior__struct_malloc_use_17.c,28,CWE758_Undefined_Behavior
87447,CWE758_Undefined_Behavior__struct_malloc_use_18.c,27,CWE758_Undefined_Behavior
87448,CWE758_Undefined_Behavior__struct_new_use_01.cpp,27,CWE758_Undefined_Behavior
87449,CWE758_Undefined_Behavior__struct_new_use_02.cpp,29,CWE758_Undefined_Behavior
87450,CWE758_Undefined_Behavior__struct_new_use_03.cpp,29,CWE758_Undefined_Behavior
87451,CWE758_Undefined_Behavior__struct_new_use_04.cpp,35,CWE758_Undefined_Behavior
87452,CWE758_Undefined_Behavior__struct_new_use_05.cpp,35,CWE758_Undefined_Behavior
87453,CWE758_Undefined_Behavior__struct_new_use_06.cpp,34,CWE758_Undefined_Behavior
87454,CWE758_Undefined_Behavior__struct_new_use_07.cpp,34,CWE758_Undefined_Behavior
87455,CWE758_Undefined_Behavior__struct_new_use_08.cpp,42,CWE758_Undefined_Behavior
87456,CWE758_Undefined_Behavior__struct_new_use_09.cpp,29,CWE758_Undefined_Behavior
87457,CWE758_Undefined_Behavior__struct_new_use_10.cpp,29,CWE758_Undefined_Behavior
87458,CWE758_Undefined_Behavior__struct_new_use_11.cpp,29,CWE758_Undefined_Behavior
87459,CWE758_Undefined_Behavior__struct_new_use_12.cpp,29,CWE758_Undefined_Behavior
87460,CWE758_Undefined_Behavior__struct_new_use_13.cpp,29,CWE758_Undefined_Behavior
87461,CWE758_Undefined_Behavior__struct_new_use_14.cpp,29,CWE758_Undefined_Behavior
87462,CWE758_Undefined_Behavior__struct_new_use_15.cpp,30,CWE758_Undefined_Behavior
87463,CWE758_Undefined_Behavior__struct_new_use_16.cpp,29,CWE758_Undefined_Behavior
87464,CWE758_Undefined_Behavior__struct_new_use_17.cpp,30,CWE758_Undefined_Behavior
87465,CWE758_Undefined_Behavior__struct_new_use_18.cpp,29,CWE758_Undefined_Behavior
87466,CWE758_Undefined_Behavior__struct_pointer_alloca_use_01.c,24,CWE758_Undefined_Behavior
87467,CWE758_Undefined_Behavior__struct_pointer_alloca_use_02.c,26,CWE758_Undefined_Behavior
87468,CWE758_Undefined_Behavior__struct_pointer_alloca_use_03.c,26,CWE758_Undefined_Behavior
87469,CWE758_Undefined_Behavior__struct_pointer_alloca_use_04.c,32,CWE758_Undefined_Behavior
87470,CWE758_Undefined_Behavior__struct_pointer_alloca_use_05.c,32,CWE758_Undefined_Behavior
87471,CWE758_Undefined_Behavior__struct_pointer_alloca_use_06.c,31,CWE758_Undefined_Behavior
87472,CWE758_Undefined_Behavior__struct_pointer_alloca_use_07.c,31,CWE758_Undefined_Behavior
87473,CWE758_Undefined_Behavior__struct_pointer_alloca_use_08.c,39,CWE758_Undefined_Behavior
87474,CWE758_Undefined_Behavior__struct_pointer_alloca_use_09.c,26,CWE758_Undefined_Behavior
87475,CWE758_Undefined_Behavior__struct_pointer_alloca_use_10.c,26,CWE758_Undefined_Behavior
87476,CWE758_Undefined_Behavior__struct_pointer_alloca_use_11.c,26,CWE758_Undefined_Behavior
87477,CWE758_Undefined_Behavior__struct_pointer_alloca_use_12.c,26,CWE758_Undefined_Behavior
87478,CWE758_Undefined_Behavior__struct_pointer_alloca_use_13.c,26,CWE758_Undefined_Behavior
87479,CWE758_Undefined_Behavior__struct_pointer_alloca_use_14.c,26,CWE758_Undefined_Behavior
87480,CWE758_Undefined_Behavior__struct_pointer_alloca_use_15.c,27,CWE758_Undefined_Behavior
87481,CWE758_Undefined_Behavior__struct_pointer_alloca_use_16.c,26,CWE758_Undefined_Behavior
87482,CWE758_Undefined_Behavior__struct_pointer_alloca_use_17.c,27,CWE758_Undefined_Behavior
87483,CWE758_Undefined_Behavior__struct_pointer_alloca_use_18.c,26,CWE758_Undefined_Behavior
87484,CWE758_Undefined_Behavior__struct_pointer_malloc_use_01.c,25,CWE758_Undefined_Behavior
87485,CWE758_Undefined_Behavior__struct_pointer_malloc_use_02.c,27,CWE758_Undefined_Behavior
87486,CWE758_Undefined_Behavior__struct_pointer_malloc_use_03.c,27,CWE758_Undefined_Behavior
87487,CWE758_Undefined_Behavior__struct_pointer_malloc_use_04.c,33,CWE758_Undefined_Behavior
87488,CWE758_Undefined_Behavior__struct_pointer_malloc_use_05.c,33,CWE758_Undefined_Behavior
87489,CWE758_Undefined_Behavior__struct_pointer_malloc_use_06.c,32,CWE758_Undefined_Behavior
87490,CWE758_Undefined_Behavior__struct_pointer_malloc_use_07.c,32,CWE758_Undefined_Behavior
87491,CWE758_Undefined_Behavior__struct_pointer_malloc_use_08.c,40,CWE758_Undefined_Behavior
87492,CWE758_Undefined_Behavior__struct_pointer_malloc_use_09.c,27,CWE758_Undefined_Behavior
87493,CWE758_Undefined_Behavior__struct_pointer_malloc_use_10.c,27,CWE758_Undefined_Behavior
87494,CWE758_Undefined_Behavior__struct_pointer_malloc_use_11.c,27,CWE758_Undefined_Behavior
87495,CWE758_Undefined_Behavior__struct_pointer_malloc_use_12.c,27,CWE758_Undefined_Behavior
87496,CWE758_Undefined_Behavior__struct_pointer_malloc_use_13.c,27,CWE758_Undefined_Behavior
87497,CWE758_Undefined_Behavior__struct_pointer_malloc_use_14.c,27,CWE758_Undefined_Behavior
87498,CWE758_Undefined_Behavior__struct_pointer_malloc_use_15.c,28,CWE758_Undefined_Behavior
87499,CWE758_Undefined_Behavior__struct_pointer_malloc_use_16.c,27,CWE758_Undefined_Behavior
87500,CWE758_Undefined_Behavior__struct_pointer_malloc_use_17.c,28,CWE758_Undefined_Behavior
87501,CWE758_Undefined_Behavior__struct_pointer_malloc_use_18.c,27,CWE758_Undefined_Behavior
87502,CWE758_Undefined_Behavior__struct_pointer_new_use_01.cpp,27,CWE758_Undefined_Behavior
87503,CWE758_Undefined_Behavior__struct_pointer_new_use_02.cpp,29,CWE758_Undefined_Behavior
87504,CWE758_Undefined_Behavior__struct_pointer_new_use_03.cpp,29,CWE758_Undefined_Behavior
87505,CWE758_Undefined_Behavior__struct_pointer_new_use_04.cpp,35,CWE758_Undefined_Behavior
87506,CWE758_Undefined_Behavior__struct_pointer_new_use_05.cpp,35,CWE758_Undefined_Behavior
87507,CWE758_Undefined_Behavior__struct_pointer_new_use_06.cpp,34,CWE758_Undefined_Behavior
87508,CWE758_Undefined_Behavior__struct_pointer_new_use_07.cpp,34,CWE758_Undefined_Behavior
87509,CWE758_Undefined_Behavior__struct_pointer_new_use_08.cpp,42,CWE758_Undefined_Behavior
87510,CWE758_Undefined_Behavior__struct_pointer_new_use_09.cpp,29,CWE758_Undefined_Behavior
87511,CWE758_Undefined_Behavior__struct_pointer_new_use_10.cpp,29,CWE758_Undefined_Behavior
87512,CWE758_Undefined_Behavior__struct_pointer_new_use_11.cpp,29,CWE758_Undefined_Behavior
87513,CWE758_Undefined_Behavior__struct_pointer_new_use_12.cpp,29,CWE758_Undefined_Behavior
87514,CWE758_Undefined_Behavior__struct_pointer_new_use_13.cpp,29,CWE758_Undefined_Behavior
87515,CWE758_Undefined_Behavior__struct_pointer_new_use_14.cpp,29,CWE758_Undefined_Behavior
87516,CWE758_Undefined_Behavior__struct_pointer_new_use_15.cpp,30,CWE758_Undefined_Behavior
87517,CWE758_Undefined_Behavior__struct_pointer_new_use_16.cpp,29,CWE758_Undefined_Behavior
87518,CWE758_Undefined_Behavior__struct_pointer_new_use_17.cpp,30,CWE758_Undefined_Behavior
87519,CWE758_Undefined_Behavior__struct_pointer_new_use_18.cpp,29,CWE758_Undefined_Behavior
87520,CWE758_Undefined_Behavior__w32_bare_return_01.c,13,CWE758_Undefined_Behavior
87521,CWE758_Undefined_Behavior__w32_bare_return_implicit_01.c,13,CWE758_Undefined_Behavior
87522,CWE758_Undefined_Behavior__w32_no_return_implicit_01.c,13,CWE758_Undefined_Behavior
87523,CWE758_Undefined_Behavior__w32_return_implicit_01.c,13,CWE758_Undefined_Behavior
87524,CWE758_Undefined_Behavior__wchar_t_pointer_alloca_use_01.c,24,CWE758_Undefined_Behavior
87525,CWE758_Undefined_Behavior__wchar_t_pointer_alloca_use_02.c,26,CWE758_Undefined_Behavior
87526,CWE758_Undefined_Behavior__wchar_t_pointer_alloca_use_03.c,26,CWE758_Undefined_Behavior
87527,CWE758_Undefined_Behavior__wchar_t_pointer_alloca_use_04.c,32,CWE758_Undefined_Behavior
87528,CWE758_Undefined_Behavior__wchar_t_pointer_alloca_use_05.c,32,CWE758_Undefined_Behavior
87529,CWE758_Undefined_Behavior__wchar_t_pointer_alloca_use_06.c,31,CWE758_Undefined_Behavior
87530,CWE758_Undefined_Behavior__wchar_t_pointer_alloca_use_07.c,31,CWE758_Undefined_Behavior
87531,CWE758_Undefined_Behavior__wchar_t_pointer_alloca_use_08.c,39,CWE758_Undefined_Behavior
87532,CWE758_Undefined_Behavior__wchar_t_pointer_alloca_use_09.c,26,CWE758_Undefined_Behavior
87533,CWE758_Undefined_Behavior__wchar_t_pointer_alloca_use_10.c,26,CWE758_Undefined_Behavior
87534,CWE758_Undefined_Behavior__wchar_t_pointer_alloca_use_11.c,26,CWE758_Undefined_Behavior
87535,CWE758_Undefined_Behavior__wchar_t_pointer_alloca_use_12.c,26,CWE758_Undefined_Behavior
87536,CWE758_Undefined_Behavior__wchar_t_pointer_alloca_use_13.c,26,CWE758_Undefined_Behavior
87537,CWE758_Undefined_Behavior__wchar_t_pointer_alloca_use_14.c,26,CWE758_Undefined_Behavior
87538,CWE758_Undefined_Behavior__wchar_t_pointer_alloca_use_15.c,27,CWE758_Undefined_Behavior
87539,CWE758_Undefined_Behavior__wchar_t_pointer_alloca_use_16.c,26,CWE758_Undefined_Behavior
87540,CWE758_Undefined_Behavior__wchar_t_pointer_alloca_use_17.c,27,CWE758_Undefined_Behavior
87541,CWE758_Undefined_Behavior__wchar_t_pointer_alloca_use_18.c,26,CWE758_Undefined_Behavior
87542,CWE758_Undefined_Behavior__wchar_t_pointer_malloc_use_01.c,25,CWE758_Undefined_Behavior
87543,CWE758_Undefined_Behavior__wchar_t_pointer_malloc_use_02.c,27,CWE758_Undefined_Behavior
87544,CWE758_Undefined_Behavior__wchar_t_pointer_malloc_use_03.c,27,CWE758_Undefined_Behavior
87545,CWE758_Undefined_Behavior__wchar_t_pointer_malloc_use_04.c,33,CWE758_Undefined_Behavior
87546,CWE758_Undefined_Behavior__wchar_t_pointer_malloc_use_05.c,33,CWE758_Undefined_Behavior
87547,CWE758_Undefined_Behavior__wchar_t_pointer_malloc_use_06.c,32,CWE758_Undefined_Behavior
87548,CWE758_Undefined_Behavior__wchar_t_pointer_malloc_use_07.c,32,CWE758_Undefined_Behavior
87549,CWE758_Undefined_Behavior__wchar_t_pointer_malloc_use_08.c,40,CWE758_Undefined_Behavior
87550,CWE758_Undefined_Behavior__wchar_t_pointer_malloc_use_09.c,27,CWE758_Undefined_Behavior
87551,CWE758_Undefined_Behavior__wchar_t_pointer_malloc_use_10.c,27,CWE758_Undefined_Behavior
87552,CWE758_Undefined_Behavior__wchar_t_pointer_malloc_use_11.c,27,CWE758_Undefined_Behavior
87553,CWE758_Undefined_Behavior__wchar_t_pointer_malloc_use_12.c,27,CWE758_Undefined_Behavior
87554,CWE758_Undefined_Behavior__wchar_t_pointer_malloc_use_13.c,27,CWE758_Undefined_Behavior
87555,CWE758_Undefined_Behavior__wchar_t_pointer_malloc_use_14.c,27,CWE758_Undefined_Behavior
87556,CWE758_Undefined_Behavior__wchar_t_pointer_malloc_use_15.c,28,CWE758_Undefined_Behavior
87557,CWE758_Undefined_Behavior__wchar_t_pointer_malloc_use_16.c,27,CWE758_Undefined_Behavior
87558,CWE758_Undefined_Behavior__wchar_t_pointer_malloc_use_17.c,28,CWE758_Undefined_Behavior
87559,CWE758_Undefined_Behavior__wchar_t_pointer_malloc_use_18.c,27,CWE758_Undefined_Behavior
87560,CWE758_Undefined_Behavior__wchar_t_pointer_new_use_01.cpp,27,CWE758_Undefined_Behavior
87561,CWE758_Undefined_Behavior__wchar_t_pointer_new_use_02.cpp,29,CWE758_Undefined_Behavior
87562,CWE758_Undefined_Behavior__wchar_t_pointer_new_use_03.cpp,29,CWE758_Undefined_Behavior
87563,CWE758_Undefined_Behavior__wchar_t_pointer_new_use_04.cpp,35,CWE758_Undefined_Behavior
87564,CWE758_Undefined_Behavior__wchar_t_pointer_new_use_05.cpp,35,CWE758_Undefined_Behavior
87565,CWE758_Undefined_Behavior__wchar_t_pointer_new_use_06.cpp,34,CWE758_Undefined_Behavior
87566,CWE758_Undefined_Behavior__wchar_t_pointer_new_use_07.cpp,34,CWE758_Undefined_Behavior
87567,CWE758_Undefined_Behavior__wchar_t_pointer_new_use_08.cpp,42,CWE758_Undefined_Behavior
87568,CWE758_Undefined_Behavior__wchar_t_pointer_new_use_09.cpp,29,CWE758_Undefined_Behavior
87569,CWE758_Undefined_Behavior__wchar_t_pointer_new_use_10.cpp,29,CWE758_Undefined_Behavior
87570,CWE758_Undefined_Behavior__wchar_t_pointer_new_use_11.cpp,29,CWE758_Undefined_Behavior
87571,CWE758_Undefined_Behavior__wchar_t_pointer_new_use_12.cpp,29,CWE758_Undefined_Behavior
87572,CWE758_Undefined_Behavior__wchar_t_pointer_new_use_13.cpp,29,CWE758_Undefined_Behavior
87573,CWE758_Undefined_Behavior__wchar_t_pointer_new_use_14.cpp,29,CWE758_Undefined_Behavior
87574,CWE758_Undefined_Behavior__wchar_t_pointer_new_use_15.cpp,30,CWE758_Undefined_Behavior
87575,CWE758_Undefined_Behavior__wchar_t_pointer_new_use_16.cpp,29,CWE758_Undefined_Behavior
87576,CWE758_Undefined_Behavior__wchar_t_pointer_new_use_17.cpp,30,CWE758_Undefined_Behavior
87577,CWE758_Undefined_Behavior__wchar_t_pointer_new_use_18.cpp,29,CWE758_Undefined_Behavior
